10,E
11,E
12,E
13,E
15,W
16,W
17,E
18,W
19,E
20,W
21,E
22,W
24,W
28,W
29,E
31,E
35,W
36,W
38,E
43,N
44,S
56,W
57,E
58,W
59,E
60,N
61,S
64,S
65,N
87,W
98,N
99,S
500,E
501,W
502,E
503,W
504,E
505,W
508,E
509,W
518,S
519,N
520,S
522,S
523,N
528,N
529,S
534,N
535,S
536,E
537,W
541,S
542,N
545,S
546,N
549,E
550,W
555,S
556,N
561,N
562,S
563,E
564,W
565,W
566,E
567,W
568,E
573,N
575,W
705,W
1000,W
1001,E
1002,W
1003,E
1006,W
1007,E
1010,W
1011,E
1012,W
1013,E
1014,N
1015,S
1016,N
1017,S
1018,N
1019,S
1024,E
1025,W
1026,N
1027,S
1033,W
1038,N
1039,S
1040,N
1041,S
1042,N
1044,W
1054,N
1055,S
1058,S
1059,N
1066,W
1067,E
1073,W
1200,N
1201,S
1202,N
1203,S
1204,N
1205,S
1206,W
1207,E
1208,W
1209,E
1210,W
1211,E
1214,N
1215,S
1409,W
1416,S
1417,E
1450,W
1451,E
1500,W
1501,E
1504,W
1505,E
1506,W
1507,E
1508,W
1509,E
1510,W
1511,E
1512,W
1513,E
1514,W
1515,E
1522,W
1523,E
1524,W
1530,W
1531,E
1532,W
1533,E
1534,W
1535,E
1543,E
1544,W
1546,S
1547,N
1548,S
1555,S
1556,N
1557,E
1558,W
1561,E
1562,W
1580,W
1584,S
1585,N
1595,E
1596,W
1597,E
1598,W
1599,E
1600,W
1603,E
1604,W
1605,E
1606,W
1611,E
1613,S
1614,N
1615,S
1616,N
1617,S
1618,N
1619,S
1620,N
1621,E
1622,W
1623,E
1624,W
1625,E
1626,W
1627,E
1628,W
1662,S
1663,N
1664,S
1665,N
1666,N
1667,S
1671,N
1672,S
1673,N
1677,E
1693,S
1694,N
1700,S
1702,N
1703,S
1730,W
1731,E
1732,W
1733,E
1761,E
1762,W
1763,E
1764,W
1765,E
1766,W
1767,E
1768,W
1801,E
1802,W
1820,W
1821,E
1900,N
2000,S
2001,N
2002,S
2003,N
2004,W
2005,E
2006,W
2007,E
2008,W
2009,E
2011,S
2012,N
2015,E
2016,W
2018,W
2019,E
2024,W
2025,E
2026,W
2033,E
2500,S
2505,N
2508,S
2509,N
2510,S
2511,N
2512,W
2513,E
2514,W
2515,E
2516,W
2517,E
2520,W
2521,E
2524,E
2525,E
2526,W
2527,N
2528,E
2529,W
2556,S
2557,W
2558,W
2565,E
2566,W
2577,N
2578,S
2579,N
2580,S
2587,N
2588,S
2590,N
2591,S
2592,E
2593,W
2595,N
2598,S
2603,E
2604,W
2605,E
2606,W
2607,S
2608,N
2624,W
2625,E
3000,S
3002,S
3003,N
3004,S
3005,N
3006,S
3007,N
3008,S
3009,N
3010,S
3011,N
3014,S
3015,N
3016,S
3017,N
3018,S
3019,N
3020,S
3021,N
3024,S
3025,N
3028,S
3029,N
3036,S
3037,N
3040,E
3041,W
3042,S
3043,N
3046,E
3047,W
3048,E
3049,W
3054,N
3055,S
3070,S
3071,N
3076,E
3077,W
3081,W
3082,E
3085,W
3088,W
3090,E
3091,W
3092,E
3093,W
3094,E
3095,W
3096,E
3097,W
3098,E
3102,S
3103,N
3104,W
3105,E
3109,W
3110,E
3118,E
3121,W
3124,E
3125,W
3126,S
3127,W
3128,E
3129,W
3130,E
3131,N
3132,S
3136,W
3138,S
3141,N
3142,S
3143,E
3144,E
3145,W
3158,W
3160,E
3161,N
3163,E
3168,E
3169,W
3500,W
3502,E
3503,W
3504,E
3505,W
3507,W
3508,E
3509,W
3510,E
3511,N
3512,S
3513,N
3515,N
3516,S
3519,N
3523,N
3524,S
3525,N
3527,E
3528,W
3529,E
3530,W
3531,E
3536,E
3537,W
3538,E
3539,W
3540,E
3541,W
3542,E
3543,W
3546,S
3547,N
3548,S
3549,N
3560,S
3564,W
3565,E
3566,S
3567,N
3568,W
3569,E
3570,S
3574,W
3575,E
3578,W
3579,E
3580,E
3581,W
3583,E
3584,S
3585,N
3587,N
3588,S
3589,W
3590,E
3607,W
3614,S
3616,E
3618,E
3622,W
3624,S
3625,E
3629,N
3631,W
3632,E
3635,W
3636,E
3637,W
3638,S
3639,N
3640,S
3641,N
3642,S
3643,N
3644,S
3647,N
3648,S
3650,E
3651,W
3652,W
3653,E
3699,N
3705,S
3706,N
3707,S
3708,N
3709,S
3710,N
3711,S
3712,N
3716,E
3717,W
3718,S
3721,N
3728,S
3730,S
3731,N
3733,N
3734,S
3735,N
3760,N
3761,S
3762,E
3763,W
3908,W
3923,E
3924,W
3925,E
3926,W
3935,E
3940,W
3941,E
3942,S
3943,N
3944,N
3949,N
3950,S
3951,N
4000,E
4001,W
4003,W
4004,E
4005,W
4006,E
4007,W
4008,E
4010,E
4011,W
4012,E
4013,W
4014,E
4015,W
4016,E
4017,W
4018,E
4019,W
4020,E
4021,W
4022,E
4023,W
4027,N
4028,S
4032,S
4033,N
4043,W
4044,E
4076,E
4077,W
4079,W
4080,W
4081,E
4083,N
4084,S
4085,N
4086,S
4088,S
4091,N
4099,W
4104,E
4501,W
4505,W
4506,E
4519,W
4520,E
4523,W
4524,E
4525,W
4526,E
4527,W
4529,W
4530,E
4531,S
4532,N
4537,W
4542,S
4543,N
4552,N
4553,S
4557,N
4558,S
4563,W
4564,S
4565,N
4566,S
4571,W
4572,E
4573,W
4574,E
4575,N
4578,E
4579,W
4580,E
4581,W
4584,E
4588,S
5000,E
5005,W
5006,E
5007,W
5008,E
5014,N
5015,S
5017,S
5018,N
5019,S
5020,N
5023,W
5024,E
5025,W
5039,W
5040,E
5041,W
5042,E
5043,W
5044,E
5048,N
5057,S
5058,N
5065,W
5066,E
5069,W
5070,E
5071,W
5079,S
5080,N
5081,W
5085,W
5086,E
5088,E
5089,W
5091,S
5093,S
5094,N
5095,W
5097,N
5098,N
5099,S
5104,S
5106,E
5108,E
5110,N
5111,S
5112,E
5113,W
5116,E
5118,E
5119,W
5123,S
5124,W
5128,E
5132,E
5143,W
5200,E
5202,E
5203,W
5205,S
5206,N
5207,S
5208,N
5209,S
5210,N
5211,S
5212,N
5217,S
5218,N
5249,E
5250,E
5251,S
5252,E
5260,E
5262,N
5264,W
5270,E
5271,W
5272,E
5273,W
5303,S
5304,N
5305,S
5308,N
5309,S
5310,N
5311,S
5312,N
5313,S
5314,E
5315,S
5316,N
5317,S
5318,N
5319,S
5320,N
5321,S
5322,N
5323,S
5324,N
5325,S
5326,N
5327,S
5328,N
5329,S
5330,N
5331,S
5332,W
5333,E
5334,W
5335,E
5336,N
5337,S
5338,N
5339,S
5340,N
5341,S
5342,N
5343,S
5344,N
5345,S
5346,N
5347,S
5348,N
5349,S
5350,N
5351,S
5352,N
5353,S
5354,N
5355,S
5356,N
5357,S
5358,N
5359,S
5360,N
5361,S
5363,S
5364,N
5365,S
5366,N
5367,S
5368,N
5369,S
5370,N
5371,S
5372,N
5373,S
5374,N
5375,S
5376,N
5377,S
5378,N
5379,S
5380,N
5381,S
5382,N
5383,S
5384,N
5385,S
5386,N
5387,S
5388,N
5389,S
5390,N
5391,S
5392,N
5393,S
5394,N
5400,W
5401,E
5402,W
5403,E
5404,W
5405,E
5406,W
5407,E
5408,W
5409,E
5410,W
5411,E
5412,W
5413,E
5414,W
5415,E
5416,W
5417,E
5418,E
5419,W
5421,S
5422,N
5500,W
5501,E
5502,S
5503,N
5504,W
5505,E
5527,W
5528,E
5529,W
5530,E
5531,W
5532,E
5533,W
5534,E
5535,S
5536,N
5537,S
5538,N
5539,S
5540,N
5541,S
5542,N
5543,S
5544,N
5545,W
5546,E
5547,W
5548,E
5549,W
5550,E
5551,W
5552,E
5553,W
5554,E
5555,W
5556,E
5557,S
5558,N
5559,S
5560,N
5561,W
5562,E
5563,W
5564,E
5600,W
5645,S
5647,S
5649,S
6000,W
6001,E
6002,W
6003,E
6004,W
6005,E
6006,W
6007,E
6008,W
6009,E
6010,N
6011,S
6012,N
6013,S
6014,N
6015,S
6016,N
6017,S
6018,N
6019,S
6020,N
6021,S
